{"username": "scott", "password": "123", "status": 0, "credit_card_id": null, "shopping_cart": [{"name": "\u7535\u8111", "price": 1999}, {"name": "\u9f20\u6807", "price": 10}, {"name": "\u9f20\u6807", "price": 10}, {"name": "\u9f20\u6807", "price": 10}, {"name": "\u7f8e\u5973", "price": 998}, {"name": "\u6e38\u8247", "price": 20}, {"name": "\u6e38\u8247", "price": 20}, {"name": "\u6e38\u8247", "price": 20}, {"name": "\u9f20\u6807", "price": 10}, {"name": "\u9f20\u6807", "price": 10}, {"name": "\u9f20\u6807", "price": 10}, {"name": "\u7535\u8111", "price": 1999}, {"name": "\u7535\u8111", "price": 1999}]}